{
  "persons": [
    {
      "name": "Arto Hellas",
      "number": "040-123456",
      "id": "1"
    },
    {
      "name": "Dan Abramov",
      "number": "12-43-234345",
      "id": "3"
    },
    {
      "name": "Mary Poppendieck",
      "number": "39-23-6423122",
      "id": "4"
    },
    {
      "name": "Mr. Brown",
      "number": "33333333333",
      "id": "6"
    },
    {
      "id": "8",
      "name": "Mr. B",
      "number": "3535-4435-32533"
    },
    {
      "id": "11",
      "name": "Mr. E",
      "number": "3532532532"
    },
    {
      "name": "Mr F",
      "number": "7777777777777777",
      "id": "12"
    },
    {
      "id": "13",
      "name": "Mr. ABC",
      "number": "434364343436"
    },
    {
      "id": "17",
      "name": "Miss ZZZ",
      "number": "3535325325"
    },
    {
      "id": "20",
      "name": "Mr. Chan",
      "number": "2034-2335-235"
    },
    {
      "id": "23",
      "name": "Mr. X",
      "number": "233532532535"
    },
    {
      "id": "24",
      "name": "Mr. See",
      "number": "234325325252"
    },
    {
      "id": "27",
      "name": "Mr. XYZ",
      "number": "323253532525"
    },
    {
      "id": "29",
      "name": "Mr. Test 2",
      "number": "2353532535235"
    },
    {
      "id": "30",
      "name": "Miss Toby",
      "number": "32535353232"
    },
    {
      "id": "31",
      "name": "Miss. QK",
      "number": "3532535325523"
    },
    {
      "id": "32",
      "name": "Mr. WWWWWW",
      "number": "353253253253252"
    },
    {
      "id": "33",
      "name": "MAAAAAA",
      "number": "we535325325"
    },
    {
      "id": "34",
      "name": "AXXXXXXX",
      "number": "ew35253252"
    },
    {
      "id": "36",
      "name": "TYTYT",
      "number": "35323626232"
    },
    {
      "id": "38",
      "name": "Good Good Good",
      "number": "3253535325"
    },
    {
      "id": "39",
      "name": "MR OLD",
      "number": "2353532523"
    },
    {
      "id": "40",
      "name": "MR. TTTT",
      "number": "we3532535332532"
    },
    {
      "id": "41",
      "name": "Mr. Hahaha",
      "number": "235353535335325"
    }
  ]
}